bucket_center,username,rating,games_played
200,Polpis85,194,2919
200,adam_backer4,196,397
200,M4Z33333,196,215
200,lillumina,197,707
200,alfre97,201,2651
200,kinecelaron,202,122
200,ZoZuLyA2,207,429
300,Tackled123,291,117
300,sami0000aaaa,295,1711
400,squeeze_in_chess_on_break,390,2086
400,val5369,390,1313
400,Halis24,391,10350
500,leda27,492,7063
500,ryan_n12,509,2825
600,cavallomino,596,1873
600,ErnestoRQPe,597,1362
600,grzwrz,600,12974
600,Emperor1241,602,931
600,Mamjiji07,605,171
600,GranTrabajador,607,7651
600,cs190,609,183
700,alpcolak1,691,1826
700,gov24,695,15532
700,ZaKaLeLe,696,823
700,dhia1312,697,203
700,Patrickzivale,698,1640
700,kckeith13,700,86495
700,Eliseo001,702,942
700,jtlagos,709,5217
800,Tl0Sam,791,3202
800,k-m89,792,1939
800,Devilek,794,4626
800,isolde235,794,1171
800,ChainkaArt,798,7040
800,bvbsdm,800,2666
800,user100111,800,4450
800,Jossue88,805,3989
800,Marcos5g5,809,1024
800,poiuyter,810,3387
900,musukuma06,894,1241
900,sana1155,894,2947
900,WilliamAJohann,897,22953
900,23claude,901,1321
900,sekaw4n,903,932
900,DanneskjoldL,904,2916
900,MarvinTerrell,904,12008
900,pratenthu,905,3757
900,david0209,908,1424
900,TheGroov3,909,724
1000,Fleece200,990,2953
1000,QqqFc,991,13111
1000,pedryabs,993,5532
1000,Umar_Dz,994,757
1000,nick02rus,998,1177
1000,mt-dz,1001,1409
1000,eijnebvil,1002,1184
1000,Kuper1982,1007,1122
1000,myk3liling,1007,567
1000,italolm,1009,2275
1100,ivok13,1091,1709
1100,saahu1,1091,465
1100,Suited_Connector,1097,12951
1100,Welamaza-Moyo,1099,2556
1100,Fleet_Snowfluff,1102,511
1100,eliaselias96,1103,5407
1100,Hima6023,1103,368
1100,Peacefulm7md,1103,607
1100,juanDgonza,1110,2377
1100,nazilaakbari,1110,1762
1200,MIYANTHATH,1190,10785
1200,bulat82777,1191,3780
1200,Bulba_free,1197,2413
1200,nochillz,1199,136
1200,PanemEtMates,1200,12157
1200,wgavit,1203,2717
1200,strafatto88,1204,4783
1200,Rishabhbhu89,1205,3792
1200,daiallangassepp,1206,151
1200,Olegchess2,1210,6189
1300,tnh2,1297,26240
1300,tejassalkade,1300,985
1300,LucarioGambit,1301,464
1300,PolpoDomare,1303,7635
1300,tchristensen20,1303,347
1300,ernesto4145,1305,3329
1300,GregletBaglington,1305,3822
1300,4mokek,1308,252
1300,kokakias420,1308,2923
1300,OneSavage,1310,1153
1400,Jagi888,1396,13156
1400,mizzonto,1398,5507
1400,Olegk74,1399,448
1400,Peteranglin48,1400,33070
1400,ONEM1O,1401,2329
1400,rahimhossain,1401,5988
1400,Kiks67,1405,799
1400,antonipa,1407,2997
1400,petrusliliam,1409,18572
1400,saulomoraes20001,1410,10006
1500,Funny_Chess25,1493,627
1500,ajassirajudeen,1496,15330
1500,77andrii,1497,5843
1500,wng0382,1498,16652
1500,BobMcCobb,1501,24811
1500,kakalota123,1501,14013
1500,kudaku88,1502,6111
1500,oldskull_br,1502,16973
1500,milkymayy,1504,5513
1500,abbacddc,1506,18343
1600,njelov,1596,20882
1600,hb_1978,1599,6935
1600,Sebastiao_Kaua,1599,3331
1600,Yuv3500r2,1601,523
1600,braindeadinside,1603,1448
1600,SalsaSound,1605,11136
1600,Yakov_Mizhitdorzhiev,1606,2930
1600,sebasthedude,1607,1115
1600,texw69,1608,33776
1600,Vukman75,1610,14507
1700,atkhabeo,1690,904
1700,sarterus,1690,1685
1700,1Rock1,1692,959
1700,devendra7763,1697,1910
1700,HiediWink,1700,3752
1700,swallowbg,1702,1717
1700,DumBCreaTure,1705,7076
1700,ScruffMcGruff3,1705,15183
1700,JtenCrissUneBonne,1708,17639
1700,martinduran62,1710,73083
1800,Shefa7878,1794,5019
1800,Ch1moi,1795,364
1800,roggijons,1797,1141
1800,December182019,1798,5767
1800,Klee61,1799,15053
1800,Buna_Ziua,1801,22517
1800,Munja55,1801,77216
1800,Ohnotherook_chess,1801,1522
1800,Oussama20230311,1803,2096
1800,hejnejjj,1810,21723
1900,sackmere,1894,3984
1900,manyamshiva,1896,19108
1900,Vladolo,1900,73354
1900,Pantinmonello,1901,46447
1900,Musix4me,1902,7766
1900,Triplejm24,1903,10427
1900,WoodyPusharto,1907,1874
1900,mywarrior500,1909,9378
1900,Morcanie12,1910,1782
1900,samersboui,1910,3479
2000,Bambiza,1994,57590
2000,youchess80,1997,5186
2000,Rumapea,2001,11978
2000,mr_casablanca,2002,22368
2000,bkim3164,2003,10617
2000,jay,2003,11699
2000,pdf40,2003,63275
2000,Dumfries1,2008,15871
2000,15arda,2010,862
2000,ZDxDz,2010,1897
2100,sheksper,2092,19782
2100,Flotwentyx,2093,57943
2100,gorankelovic,2096,11425
2100,KaabuNyancho,2096,10156
2100,YoKennny,2101,4040
2100,danielalvarezpr,2102,3218
2100,gogesha84,2102,17710
2100,morgan2345,2102,19281
2100,YunitedNation,2103,21320
2100,celieber,2107,31515
2200,REDBEARD17eg,2192,21114
2200,ochankun,2198,57235
2200,bogdankr1,2200,8815
2200,iKingyyy,2200,14075
2200,IonutzSavu,2200,4603
2200,Reiger789,2201,8285
2200,dr-zug,2203,671
2200,hpp2,2206,7949
2200,Loulynx,2208,34793
2200,ericsingainy1,2210,5938
2300,ivicahergoti,2290,8453
2300,TheStarsBringOnlyDarkness,2291,284
2300,Pinkpawn2023,2299,468
2300,671ninja,2301,7795
2300,INSEADer,2305,16607
2300,MangoNCarlsen,2305,7818
2300,fetnenek,2307,6754
2300,reason001,2307,26216
2300,tek-boynuzlu-at,2308,8791
2300,hovhannisyanarthur,2309,6094
2400,Sic_yn0,2391,216
2400,gunni1928,2393,17570
2400,chrchliak,2401,8277
2400,NowInChess,2401,4458
2400,Mario_Santiago,2402,12410
2400,kulik2007,2403,4221
2400,Endgame_god,2404,2260
2400,kat71013,2406,3759
2400,SHAALOUL,2408,2366
2400,delax001,2410,62901
2500,sodramas,2501,27901
2500,tooktook,2501,48566
2500,chessloginforthegame,2504,1707
2500,MiguelCifuente,2504,1319
2500,mrvica2200,2505,2026
2500,rhwr,2510,5855
2600,Stefan_Stojiljkovic,2592,1695
2600,Kotofeyca,2593,7481
2600,amonzxc,2594,666
2600,Bodhiking_2,2595,1829
2600,JaiSankarS,2595,273
2600,GEOMAX5,2596,12302
2600,Richy_94,2599,800
2600,mortngabriel,2608,23819
2600,KarpovVadim,2610,5688
2600,Radical_Sphere47,2610,606
2700,bazar-wokzal,2694,9786
2700,jambuli77,2696,7116
2700,thecrusher444,2697,6737
2700,GORA2012,2700,1757
2700,Unfiltered77,2701,3000
2700,GM-MamaPenny,2705,16562
2700,GasconJR,2707,20508
2700,monther515,2707,4337
2700,juanquiros7,2709,2692
2700,Fever_Code,2710,5074
2800,HSH1987,2800,9300
2800,TheBrainCrusher,2800,9424
2800,username903509194,2801,3407
2800,xiaopuyi,2801,8957
2800,silentvacance,2802,1826
2800,profedechess93,2803,2799
2800,FreddySTH,2804,2522
2800,KenjiKichiro,2804,618
2800,Charlatante,2809,3869
2800,dabee,2809,40555
2900,rapidman01,2892,1870
2900,kachsona,2897,2177
2900,NovakCabarkapa,2898,3831
2900,Aborigen_came,2903,24661
2900,Andrei_Skvortsov,2903,18489
2900,PracticeMakesOK,2903,27539
2900,BSWPaulsen,2904,58254
2900,TheAwakeningRedeemer,2904,679
2900,BrownieCharles,2907,475
2900,Little_Skib,2909,7559
3000,Swiss_Fighter,2990,4897
3000,dkksskkswl,2992,2032
3000,kushagramohan,2996,9222
3000,iwanyu,2997,3398
3000,Vladimir_Zakhartsov,2999,5488
3000,aquarium76,3001,496
3000,stoqnbg_03,3004,693
3000,1LifeB4,3005,4636
3000,Caroexpert,3009,10763
3000,jcibarra,3009,10768
